filename,url
250507_HB_4-5_Delivery.jpg,https://freight.cargo.site/w/432/i/D2439835993554403419194585929117/250507_HB_4-5_Delivery.jpg
MILISUTHANDO_Asia.jpg,https://freight.cargo.site/w/432/i/L2422566936403302456281174267293/MILISUTHANDO_Asia.jpg
MILISTUHANDO_IDA_Nom.jpg,https://freight.cargo.site/w/432/i/T2422566936347962224060045612445/MILISTUHANDO_IDA_Nom.jpg
MILISUTHANDO-IGA.jpg,https://freight.cargo.site/w/432/i/Z2422566936384855712207464715677/MILISUTHANDO-IGA.jpg
MILISUTHANDO_Europe.jpg,https://freight.cargo.site/w/432/i/H2422566936421749200354883818909/MILISUTHANDO_Europe.jpg
MILISTUHANDO_North-America.jpg,https://freight.cargo.site/w/432/i/E2422566936366408968133755164061/MILISTUHANDO_North-America.jpg
MILISUTHANDO-Anthology.png,https://freight.cargo.site/w/432/i/P2422556302537873493451921053085/MILISUTHANDO-Anthology.png
MILISUTHANDO-Dates.JPG,https://freight.cargo.site/w/432/i/D2422556302556320237525630604701/MILISUTHANDO-Dates.JPG
MILISUTHANDO-SA.png,https://freight.cargo.site/w/432/i/G2422556302593213725673049707933/MILISUTHANDO-SA.png
MILISUTHANDO_NAEUASIA.png,https://freight.cargo.site/w/244/i/L2422556302611660469746759259549/MILISUTHANDO_NAEUASIA.png
MILISUTHANDO-Mood-Board.jpg,https://freight.cargo.site/w/432/i/O2422556302574766981599340156317/MILISUTHANDO-Mood-Board.jpg
Screen-Shot-2025-05-13-at-10.07.29-PM.png,https://freight.cargo.site/w/432/i/W2422556302630107213820468811165/Screen-Shot-2025-05-13-at-10.07.29-PM.png
Keys-Final-Animation.jpg,https://freight.cargo.site/w/432/i/X2422546964334854779834154243485/Keys-Final-Animation.jpg
Keys-Process.PNG,https://freight.cargo.site/w/432/i/Q2422546953930891122261967132061/Keys-Process.PNG
Keys-Bts.jpg,https://freight.cargo.site/w/432/i/W2422546960165890619175795578269/Keys-Bts.jpg
Name.png,https://freight.cargo.site/w/707/i/F2296377400012358553471088481693/Name.png
Voice-Memos-Closeup.jpg,https://freight.cargo.site/w/432/i/U2296373878178426744917203506589/Voice-Memos-Closeup.jpg
horizontal.svg,https://freight.cargo.site/w/432/i/W860551825957978135147203865180/horizontal.svg
